{
  "criteria": {
    "event1": {
      "trigger": "minecraft:inventory_changed",
      "conditions": {
        "player": [
          {
            "condition": "minecraft:entity_scores",
            "entity": "this",
            "scores": {
              "e1": 0
            }
          }
        ],
        "slots": {
          "empty": 40,
          "full": 1
        },
        "items": [
          {
            "items": [
              "minecraft:cobblestone"
            ],
            "count": {
              "min": 63
            }
          }
        ]
      }
    }
  },
  "rewards": {
    "function": "ywsj:event/random_event/e1/s"
  }
}
