{
  "criteria": {
    "event6": {
      "trigger": "minecraft:inventory_changed",
      "conditions": {
        "player": [
          {
            "condition": "minecraft:entity_scores",
            "entity": "this",
            "scores": {
              "e12": 0
            }
          }
        ],
        "items": [
          {
            "tag": "ywsj:log",
            "count": {
              "min": 33
            }
          }
        ]
      }
    }
  },
  "rewards": {
    "function": "ywsj:event/random_event/e12/s"
  }
}
