{
  "criteria": {
    "event16": {
      "trigger": "minecraft:placed_block",
      "conditions": {
        "player": [
          {
            "condition": "minecraft:entity_scores",
            "entity": "this",
            "scores": {
              "e16": 0
            }
          }
        ],
        "block": "minecraft:water",
        "item": {
          "items": [
            "minecraft:water_bucket"
          ]
        }
      }
    }
  },
  "rewards": {
    "function": "ywsj:event/random_event/e16/s"
  }
}
