{
  "criteria": {
    "event18": {
      "trigger": "minecraft:thrown_item_picked_up_by_player",
      "conditions": {
        "player": [
          {
            "condition": "minecraft:entity_scores",
            "entity": "this",
            "scores": {
              "e18": 0
            }
          }
        ],
        "item": {
          "items": [
            "minecraft:gold_ingot"
          ]
        }
      }
    }
  },
  "rewards": {
    "function": "ywsj:event/random_event/e18/s"
  }
}
