{
  "criteria": {
    "event5": {
      "trigger": "minecraft:bred_animals",
      "conditions": {
        "player": [
          {
            "condition": "minecraft:entity_scores",
            "entity": "this",
            "scores": {
              "e5": 0
            }
          }
        ],
        "parent": [
          {
            "condition": "minecraft:entity_properties",
            "entity": "this",
            "predicate": {
              "type": "minecraft:sheep"
            }
          }
        ],
        "partner": [
          {
            "condition": "minecraft:entity_properties",
            "entity": "this",
            "predicate": {
              "type": "minecraft:sheep"
            }
          }
        ],
        "child": [
          {
            "condition": "minecraft:entity_properties",
            "entity": "this",
            "predicate": {
              "type": "minecraft:sheep"
            }
          }
        ]
      }
    }
  },
  "rewards": {
    "function": "ywsj:event/random_event/e5/s"
  }
}
