{
  "criteria": {
    "event6": {
      "trigger": "minecraft:inventory_changed",
      "conditions": {
        "player": [
          {
            "condition": "minecraft:entity_scores",
            "entity": "this",
            "scores": {
              "e6": 0
            }
          }
        ],
        "items": [
          {
            "tag": "ywsj:wood",
            "count": {
              "min": 17
            }
          }
        ]
      }
    }
  },
  "rewards": {
    "function": "ywsj:event/random_event/e6/s"
  }
}
