{
  "criteria": {
    "event8": {
      "trigger": "minecraft:summoned_entity",
      "conditions": {
        "player": [
          {
            "condition": "minecraft:entity_scores",
            "entity": "this",
            "scores": {
              "e8": 0
            }
          }
        ],
        "entity": [
          {
            "condition": "minecraft:entity_properties",
            "entity": "this",
            "predicate": {
              "type": "minecraft:snow_golem"
            }
          }
        ]
      }
    }
  },
  "rewards": {
    "function": "ywsj:event/random_event/e8/s"
  }
}
